car_id,odometer,soc_real,soc_display,vehicle_speed,charge_status,key_status,xcord,ycord
KMHC751HFJU014636,11672,94.5,100,0,0,1,126.979712,37.82894
KMHC751HFJU014636,11672,94.5,100,0,0,1,126.979823,37.82898
KMHC751HFJU014636,11672,94.5,100,0,0,1,126.979823,37.828975
KMHC751HFJU014636,11672,94.5,100,0,0,1,126.979832,37.828988
KMHC751HFJU014636,11672,94.5,100,0,0,1,126.979816,37.829003
KMHC751HFJU014636,11672,94.5,100,0,0,1,126.9798,37.829003
KMHC751HFJU014636,11672,94.5,100,0,0,1,126.9798,37.829011
KMHC751HFJU014636,11672,94.5,100,0,0,1,126.979792,37.829036
KMHC751HFJU014636,11672,94.5,100,0,0,1,126.979792,37.829039
KMHC751HFJU014636,11672,94.5,100,0,0,1,126.979744,37.829008
KMHC751HFJU014636,11672,94.5,100,0,0,1,126.97996,37.829172
KMHC751HFJU014636,11672,94.5,100,0,0,1,126.979712,37.829092
KMHC751HFJU014636,11672,94.5,100,0,0,1,126.979768,37.829023
KMHC751HFJU014636,11672,94.5,100,0,0,1,126.979712,37.829056
KMHC751HFJU014636,11672,94.5,100,0,0,1,126.97992,37.82918
KMHC751HFJU014636,11672,94.5,100,0,0,1,126.97972,37.829039
KMHC751HFJU014636,11672,94.5,100,0,0,1,126.979752,37.829087
KMHC751HFJU014636,11672,94.5,100,0,0,1,126.979823,37.829155
KMHC751HFJU014636,11672,94.5,100,0,0,1,126.979992,37.829152
KMHC751HFJU014636,11672,94.5,100,0,0,1,126.979736,37.829028
KMHC751HFJU014636,11672,94.5,100,0,0,1,126.979712,37.829071
KMHC751HFJU014636,11672,94.5,100,0,0,1,126.979832,37.829163
KMHC751HFJU014636,11672,94.5,100,0,0,1,126.979848,37.829172
KMHC751HFJU014636,11672,94.5,100,0,0,1,126.979872,37.82918
KMHC751HFJU014636,11672,94.5,100,0,0,1,126.979768,37.829099
KMHC751HFJU014636,11672,94.5,100,0,0,1,126.979808,37.82914
KMHC751HFJU014636,11672,94.5,100,0,0,1,126.979696,37.829087
KMHC751HFJU014636,11672,94.5,100,0,0,1,126.980024,37.829076
KMHC751HFJU014636,11672,94.5,100,0,0,1,126.979704,37.829084
KMHC751HFJU014636,11672,94.5,100,0,0,1,126.979752,37.829023
KMHC751HFJU014636,11672,94.5,100,0,0,1,126.980152,37.829127
KMHC751HFJU014636,11672,94.5,100,0,0,1,126.980056,37.829276
KMHC751HFJU014636,11672,94.5,100,0,0,1,126.98016,37.828988
KMHC751HFJU014636,11672,94.5,100,0,0,1,126.979752,37.829839
KMHC751HFJU014636,11672,94.5,100,0,0,1,126.980064,37.829
KMHC751HFJU014636,11672,94.5,100,0,0,1,126.980136,37.828975
KMHC751HFJU014636,11672,94.5,100,0,0,1,126.980183,37.829056
KMHC751HFJU014636,11672,94.5,100,0,0,1,126.97996,37.829467
KMHC751HFJU014636,11672,94.5,100,0,0,1,126.979992,37.829403
KMHC751HFJU014636,11672,94.5,100,0,0,1,126.980024,37.82934
KMHC751HFJU014636,11672,94.5,100,0,0,1,126.9796,37.830072
KMHC751HFJU014636,11672,94.5,100,0,0,1,126.980096,37.82898
KMHC751HFJU014636,11672,94.5,100,0,0,1,126.980127,37.829172
KMHC751HFJU014636,11672,94.5,100,0,0,1,126.980183,37.829016
KMHC751HFJU014636,11672,94.5,100,0,0,1,126.979704,37.829915
KMHC751HFJU014636,11672,94.5,100,0,0,1,126.979848,37.829687
KMHC751HFJU014636,11672,94.5,100,0,0,1,126.979544,37.830143
KMHC751HFJU014636,11672,94.5,100,0,0,1,126.979928,37.82954
KMHC751HFJU014636,11672,94.5,100,0,0,1,126.979808,37.82976
KMHC751HFJU014636,11672,94.5,100,0,0,1,126.979488,37.830219
KMHC751HFJU014636,11672,94.5,100,0,0,1,126.979264,37.8305
KMHC751HFJU014636,11672,94.5,100,0,0,1,126.979376,37.830359
KMHC751HFJU014636,11672,94.5,100,0,0,1,126.97932,37.830432
KMHC751HFJU014636,11672,94.5,100,0,0,1,126.979432,37.830292
KMHC751HFJU014636,11672,94.5,100,0,0,1,126.977087,37.833267
KMHC751HFJU014636,11672,94.5,100,0,0,1,126.977352,37.832616
KMHC751HFJU014636,11672,94.5,100,0,0,1,126.978464,37.831372
KMHC751HFJU014636,11672,94.5,100,0,0,1,126.977992,37.83182
KMHC751HFJU014636,11672,94.5,100,0,0,1,126.977416,37.832512
KMHC751HFJU014636,11672,94.5,100,0,0,1,126.979048,37.830767
KMHC751HFJU014636,11672,94.5,100,0,0,1,126.978368,37.831456
KMHC751HFJU014636,11672,94.5,100,0,0,1,126.976944,37.833711
KMHC751HFJU014636,11672,94.5,100,0,0,1,126.9772,37.832932
KMHC751HFJU014636,11672,94.5,100,0,0,1,126.977168,37.833044
KMHC751HFJU014636,11672,94.5,100,0,0,1,126.977712,37.832112
KMHC751HFJU014636,11672,94.5,100,0,0,1,126.977248,37.832827
KMHC751HFJU014636,11672,94.5,100,0,0,1,126.977639,37.832216
KMHC751HFJU014636,11672,94.5,100,0,0,1,126.977487,37.832411
KMHC751HFJU014636,11672,94.5,100,0,0,1,126.9788,37.831055
KMHC751HFJU014636,11672,94.5,100,0,0,1,126.97864,37.831212
KMHC751HFJU014636,11672,94.5,100,0,0,1,126.97828,37.831547
KMHC751HFJU014636,11672,94.5,100,0,0,1,126.977896,37.831912
KMHC751HFJU014636,11672,94.5,100,0,0,1,126.977127,37.833156
KMHC751HFJU014636,11672,94.5,100,0,0,1,126.979159,37.830635
KMHC751HFJU014636,11672,94.5,100,0,0,1,126.978864,37.830979
KMHC751HFJU014636,11672,94.5,100,0,0,1,126.977552,37.832312
KMHC751HFJU014636,11672,94.5,100,0,0,1,126.979208,37.830571
KMHC751HFJU014636,11672,94.5,100,0,0,1,126.979104,37.8307
KMHC751HFJU014636,11672,94.5,100,0,0,1,126.978992,37.830835
KMHC751HFJU014636,11672,94.5,100,0,0,1,126.97872,37.831131
KMHC751HFJU014636,11672,94.5,100,0,0,1,126.978551,37.831291
KMHC751HFJU014636,11672,94.5,100,0,0,1,126.977304,37.83272
KMHC751HFJU014636,11672,94.5,100,0,0,1,126.977056,37.833379
KMHC751HFJU014636,11672,94.5,100,0,0,1,126.977024,37.833488
KMHC751HFJU014636,11672,94.5,100,0,0,1,126.978936,37.830903
KMHC751HFJU014636,11672,94.5,100,0,0,1,126.977808,37.832008
KMHC751HFJU014636,11672,94.5,100,0,0,1,126.976856,37.833924
KMHC751HFJU014636,11672,94.5,100,0,0,1,126.976808,37.834032
KMHC751HFJU014636,11672,94.5,100,0,0,1,126.976896,37.83382
KMHC751HFJU014636,11672,94.5,100,0,0,1,126.976608,37.834372
KMHC751HFJU014636,11672,94.5,100,0,0,1,126.976032,37.83498
KMHC751HFJU014636,11672,94.5,100,0,0,1,126.975663,37.835228
KMHC751HFJU014636,11672,94.5,100,0,0,1,126.976144,37.834884
KMHC751HFJU014636,11672,94.5,100,0,0,1,126.97644,37.834584
KMHC751HFJU014636,11672,94.5,100,0,0,1,126.976352,37.834688
KMHC751HFJU014636,11672,94.5,100,0,0,1,126.975792,37.835152
KMHC751HFJU014636,11672,94.5,100,0,0,1,126.976248,37.834783
KMHC751HFJU014636,11672,94.5,100,0,0,1,126.975911,37.835068
KMHC751HFJU014636,11672,94,99.5,0,0,1,126.976984,37.833599
KMHC751HFJU014636,11672,94,99.5,0,0,1,126.976752,37.834147
KMHC751HFJU014636,11672,94,99.5,0,0,1,126.976688,37.834263
KMHC751HFJU014636,11672,94,99.5,0,0,1,126.976528,37.834479
KMHC751HFJU014636,11672,94,99.5,0,0,1,126.974272,37.835791
KMHC751HFJU014636,11672,94,99.5,0,0,1,126.975136,37.835495
KMHC751HFJU014636,11672,94,99.5,0,0,1,126.974416,37.835743
KMHC751HFJU014636,11672,94,99.5,0,0,1,126.974999,37.835548
KMHC751HFJU014636,11672,94,99.5,0,0,1,126.974856,37.835603
KMHC751HFJU014636,11672,94,99.5,0,0,1,126.975264,37.835431
KMHC751HFJU014636,11672,94,99.5,0,0,1,126.975536,37.835299
KMHC751HFJU014636,11672,94,99.5,1,0,1,126.975399,37.835372
KMHC751HFJU014636,11672,94,99.5,1,0,1,126.974712,37.835652
KMHC751HFJU014636,11672,94,99.5,2,0,1,126.974127,37.835839
KMHC751HFJU014636,11672,94,99.5,2,0,1,126.97456,37.835695
KMHC751HFJU014636,11672,94,99.5,2,0,1,126.960288,37.852972
KMHC751HFJU014636,11672,94,99.5,0,0,1,126.9602,37.853096
KMHC751HFJU014636,11672,94,99.5,0,0,1,126.960095,37.85322
KMHC751HFJU014636,11672,94,99.5,0,0,1,126.959568,37.853783
KMHC751HFJU014636,11672,94,99.5,0,0,1,126.959672,37.853679
KMHC751HFJU014636,11672,94,99.5,0,0,1,126.95944,37.853879
KMHC751HFJU014636,11672,94,99.5,0,0,1,126.959288,37.85396
KMHC751HFJU014636,11672,94,99.5,0,0,1,126.959136,37.854036
KMHC751HFJU014636,11672,94,99.5,0,0,1,126.958976,37.854104
KMHC751HFJU014636,11672,94,99.5,1,0,1,126.958808,37.854168
KMHC751HFJU014636,11672,94,99.5,2,0,1,126.958631,37.854232
KMHC751HFJU014636,11672,94,99.5,2,0,1,126.958096,37.854376
KMHC751HFJU014636,11672,94,99.5,2,0,1,126.958288,37.854331
KMHC751HFJU014636,11672,94,99.5,2,0,1,126.958464,37.854284
KMHC751HFJU014636,11672,94,99.5,3,0,1,126.95792,37.854412
KMHC751HFJU014636,11672,94,99.5,3,0,1,126.956976,37.854599
KMHC751HFJU014636,11672,94,99.5,3,0,1,126.957352,37.854523
KMHC751HFJU014636,11672,94,99.5,3,0,1,126.957728,37.854452
KMHC751HFJU014636,11672,94,99.5,2,0,1,126.957536,37.854488
KMHC751HFJU014636,11672,94,99.5,1,0,1,126.95716,37.854559
KMHC751HFJU014636,11672,94,99.5,2,0,1,126.956791,37.854644
KMHC751HFJU014636,11672,94,99.5,0,0,1,126.956096,37.854888
KMHC751HFJU014636,11672,94,99.5,0,0,1,126.956608,37.854695
KMHC751HFJU014636,11672,94,99.5,2,0,1,126.956264,37.854816
KMHC751HFJU014636,11672,94,99.5,3,0,1,126.955616,37.855159
KMHC751HFJU014636,11672,94,99.5,1,0,1,126.955776,37.855063
KMHC751HFJU014636,11672,94,99.5,2,0,1,126.95644,37.854751
KMHC751HFJU014636,11672,94,99.5,2,0,1,126.955935,37.854968
KMHC751HFJU014636,11672,94,99.5,1,0,1,126.954896,37.855792
KMHC751HFJU014636,11672,94,99.5,1,0,1,126.954688,37.856119
KMHC751HFJU014636,11672,94,99.5,0,0,1,126.955327,37.855359
KMHC751HFJU014636,11672,94,99.5,0,0,1,126.954624,37.856268
KMHC751HFJU014636,11672,94,99.5,2,0,1,126.955096,37.855572
KMHC751HFJU014636,11672,94,99.5,6,0,1,126.954744,37.85602
KMHC751HFJU014636,11672,94,99.5,7,0,1,126.95464,37.856203
KMHC751HFJU014636,11672,94,99.5,7,0,1,126.955472,37.85526
KMHC751HFJU014636,11672,94,99.5,7,0,1,126.954815,37.855907
KMHC751HFJU014636,11672,94,99.5,8,0,1,126.9552,37.855463
KMHC751HFJU014636,11672,94,99.5,8,0,1,126.954984,37.855683
KMHC751HFJU014636,11672,94,99.5,9,0,1,126.954607,37.856312
KMHC751HFJU014636,11672,94,99.5,8,0,1,126.954592,37.856347
KMHC751HFJU014636,11672,94,99.5,5,0,1,126.954552,37.856468
KMHC751HFJU014636,11672,94,99.5,4,0,1,126.954567,37.85642
KMHC751HFJU014636,11672,94,99.5,3,0,1,126.954536,37.856515
KMHC751HFJU014636,11672,94,99.5,3,0,1,126.954584,37.856375
KMHC751HFJU014636,11672,94,99.5,2,0,1,126.954504,37.856687
KMHC751HFJU014636,11672,94,99.5,1,0,1,126.954504,37.856628
KMHC751HFJU014636,11672,94,99.5,0,0,1,126.954528,37.856563
KMHC751HFJU014636,11672,94,99.5,2,0,1,126.954504,37.856727
KMHC751HFJU014636,11672,94,99.5,3,0,1,126.954504,37.856659
KMHC751HFJU014636,11672,94,99.5,1,0,1,126.954511,37.856596
KMHC751HFJU014636,11672,94,99.5,0,0,1,126.954584,37.856856
KMHC751HFJU014636,11672,94,99.5,0,0,1,126.954696,37.856912
KMHC751HFJU014636,11672,94,99.5,0,0,1,126.954768,37.856928
KMHC751HFJU014636,11672,94,99.5,0,0,1,126.954944,37.856952
KMHC751HFJU014636,11672,94,99.5,1,0,1,126.954544,37.856819
KMHC751HFJU014636,11672,94,99.5,1,0,1,126.954848,37.856935
KMHC751HFJU014636,11672,94,99.5,0,0,1,126.95452,37.856771
KMHC751HFJU014636,11672,94,99.5,1,0,1,126.954624,37.856887
KMHC751HFJU014636,11672,94,99.5,3,0,1,126.95504,37.856963
KMHC751HFJU014636,11672,94,99.5,5,0,1,126.955544,37.857044
KMHC751HFJU014636,11672,94,99.5,8,0,1,126.955448,37.857028
KMHC751HFJU014636,11672,94,99.5,11,0,1,126.95564,37.857064
KMHC751HFJU014636,11672,94,99,15,0,1,126.95592,37.857171
KMHC751HFJU014636,11672,94,99,18,0,1,126.956008,37.857219
KMHC751HFJU014636,11672,94,99,22,0,1,126.955832,37.857128
KMHC751HFJU014636,11672,94,99,26,0,1,126.955736,37.857087
KMHC751HFJU014636,11672,94,99,29,0,1,126.956272,37.857388
KMHC751HFJU014636,11672,94,99,31,0,1,126.956543,37.857604
KMHC751HFJU014636,11672,94,99,33,0,1,126.956447,37.857528
KMHC751HFJU014636,11672,94,99,35,0,1,126.956104,37.857267
KMHC751HFJU014636,11672,94,99,36,0,1,126.956368,37.85746
KMHC751HFJU014636,11672,94,99,38,0,1,126.956192,37.857328
KMHC751HFJU014636,11672,94,99,39,0,1,126.95704,37.858004
KMHC751HFJU014636,11672,94,99,40,0,1,126.956744,37.857764
KMHC751HFJU014636,11672,94,99,40,0,1,126.956936,37.857923
KMHC751HFJU014636,11672,94,99,41,0,1,126.956639,37.857683
KMHC751HFJU014636,11672,94,99,41,0,1,126.95684,37.85784
KMHC751HFJU014636,11672,94,99,42,0,1,126.957432,37.858319
KMHC751HFJU014636,11672,94,99,43,0,1,126.957336,37.858243
KMHC751HFJU014636,11672,94,99,43,0,1,126.957136,37.858083
KMHC751HFJU014636,11672,94,99,44,0,1,126.957544,37.858392
KMHC751HFJU014636,11672,94,99,44,0,1,126.957719,37.858511
KMHC751HFJU014636,11672,94,99,44,0,1,126.9578,37.858552
KMHC751HFJU014636,11672,94,99,45,0,1,126.95724,37.858164
KMHC751HFJU014636,11672,94,99,47,0,1,126.957632,37.85846
KMHC751HFJU014636,11672,94,99,46,0,1,126.957864,37.858572
KMHC751HFJU014636,11672,94,99,46,0,1,126.95796,37.85864
KMHC751HFJU014636,11672,94,99,45,0,1,126.95796,37.858663
KMHC751HFJU014636,11672,94,99,45,0,1,126.957944,37.858612
KMHC751HFJU014636,11672,94,99,45,0,1,126.957936,37.858691
KMHC751HFJU014636,11672,94,99,45,0,1,126.957911,37.858587
KMHC751HFJU014636,11672,94,99,45,0,1,126.957911,37.858719
KMHC751HFJU014636,11672,94,99,45,0,1,126.957864,37.858747
KMHC751HFJU014636,11672,94,99,44,0,1,126.957824,37.858772
KMHC751HFJU014636,11672,94,99,44,0,1,126.957736,37.858808
KMHC751HFJU014636,11672,94,99,43,0,1,126.957696,37.85882
KMHC751HFJU014636,11672,94,99,43,0,1,126.957784,37.858792
KMHC751HFJU014636,11672,94,99,42,0,1,126.95764,37.858832
KMHC751HFJU014636,11672,94,99,40,0,1,126.957592,37.858848
KMHC751HFJU014636,11672,94,99,39,0,1,126.957432,37.858868
KMHC751HFJU014636,11672,93.5,99,38,0,1,126.957544,37.85886
KMHC751HFJU014636,11672,93.5,99,38,0,1,126.957264,37.858863
KMHC751HFJU014636,11672,93.5,99,37,0,1,126.957312,37.858863
KMHC751HFJU014636,11672,93.5,99,36,0,1,126.957376,37.858868
KMHC751HFJU014636,11672,93.5,99,34,0,1,126.957168,37.858876
KMHC751HFJU014636,11672,93.5,99,33,0,1,126.957488,37.858863
KMHC751HFJU014636,11672,93.5,99,31,0,1,126.957224,37.858868
KMHC751HFJU014636,11672,93.5,99,30,0,1,126.957112,37.858896
KMHC751HFJU014636,11672,93.5,99,28,0,1,126.957055,37.858911
KMHC751HFJU014636,11672,93.5,99,27,0,1,126.957008,37.858927
KMHC751HFJU014636,11672,93.5,99,27,0,1,126.956856,37.859008
KMHC751HFJU014636,11672,93.5,99,28,0,1,126.95688,37.858987
KMHC751HFJU014636,11672,93.5,99,29,0,1,126.9568,37.859056
KMHC751HFJU014636,11672,93.5,99,30,0,1,126.956832,37.859031
KMHC751HFJU014636,11672,93.5,99,31,0,1,126.95656,37.85924
KMHC751HFJU014636,11672,93.5,99,32,0,1,126.956952,37.858947
KMHC751HFJU014636,11672,93.5,99,32,0,1,126.956912,37.858967
KMHC751HFJU014636,11672,93.5,99,32,0,1,126.956639,37.859172
KMHC751HFJU014636,11672,93.5,99,32,0,1,126.956608,37.859211
KMHC751HFJU014636,11672,93.5,99,30,0,1,126.956432,37.859332
KMHC751HFJU014636,11672,93.5,99,28,0,1,126.956408,37.85936
KMHC751HFJU014636,11672,93.5,99,27,0,1,126.956391,37.859383
KMHC751HFJU014636,11672,93.5,99,27,0,1,126.956464,37.859307
KMHC751HFJU014636,11672,93.5,99,29,0,1,126.956504,37.859271
KMHC751HFJU014636,11672,93.5,99,29,0,1,126.956368,37.859411
KMHC751HFJU014636,11672,93.5,99,28,0,1,126.95636,37.859439
KMHC751HFJU014636,11672,93.5,99,27,0,1,126.95636,37.859459
KMHC751HFJU014636,11672,93.5,99,25,0,1,126.956376,37.859636
KMHC751HFJU014636,11672,93.5,99,24,0,1,126.956408,37.859659
KMHC751HFJU014636,11672,93.5,99,22,0,1,126.956344,37.859547
KMHC751HFJU014636,11672,93.5,99,21,0,1,126.95636,37.8596
KMHC751HFJU014636,11672,93.5,99,19,0,1,126.95644,37.859684
KMHC751HFJU014636,11672,93.5,99,18,0,1,126.95636,37.859515
KMHC751HFJU014636,11672,93.5,99,17,0,1,126.956335,37.859572
KMHC751HFJU014636,11672,93.5,99,16,0,1,126.95636,37.859484
KMHC751HFJU014636,11672,93.5,99,15,0,1,126.956472,37.859707
KMHC751HFJU014636,11672,93.5,99,13,0,1,126.956512,37.859727
KMHC751HFJU014636,11672,93.5,99,12,0,1,126.956664,37.859887
KMHC751HFJU014636,11672,93.5,99,11,0,1,126.956688,37.859879
KMHC751HFJU014636,11672,93.5,99,10,0,1,126.956688,37.859887
KMHC751HFJU014636,11672,93.5,99,9,0,1,126.956552,37.859755
KMHC751HFJU014636,11672,93.5,99,7,0,1,126.956648,37.859872
KMHC751HFJU014636,11672,93.5,99,4,0,1,126.956584,37.859788
KMHC751HFJU014636,11672,93.5,99,3,0,1,126.956616,37.859839
KMHC751HFJU014636,11672,93.5,99,1,0,1,126.956599,37.859816
KMHC751HFJU014636,11672,93.5,99,0,0,1,126.956704,37.859879
KMHC751HFJU014636,11672,93.5,99,0,0,1,126.956712,37.859879
KMHC751HFJU014636,11672,93.5,99,0,0,1,126.973688,37.835976
KMHC751HFJU014636,11672,93.5,99,0,0,1,126.973552,37.836019
KMHC751HFJU014636,11672,93.5,99,0,0,1,126.973832,37.835928
KMHC751HFJU014636,11672,93.5,99,0,0,1,126.973975,37.835884
KMHC751HFJU014636,11672,93.5,99,0,0,1,126.973264,37.836115
KMHC751HFJU014636,11672,93.5,99,0,0,1,126.9734,37.836067
KMHC751HFJU014636,11672,93.5,99,0,0,1,126.973119,37.836168
KMHC751HFJU014636,11672,93.5,99,0,0,1,126.972984,37.836212
KMHC751HFJU014636,11672,93.5,99,0,0,1,126.972848,37.836255
KMHC751HFJU014636,11672,93.5,99,0,0,1,126.972712,37.836303
KMHC751HFJU014636,11672,93.5,99,0,0,1,126.9714,37.836995
KMHC751HFJU014636,11672,93.5,99,0,0,1,126.9716,37.836832
KMHC751HFJU014636,11672,93.5,99,0,0,1,126.971496,37.836916
KMHC751HFJU014636,11672,93.5,99,0,0,1,126.972312,37.836444
KMHC751HFJU014636,11672,93.5,99,0,0,1,126.972576,37.836348
KMHC751HFJU014636,11672,93.5,99,0,0,1,126.972448,37.836396
KMHC751HFJU014636,11672,93.5,99,0,0,1,126.971704,37.836759
KMHC751HFJU014636,11672,93.5,99,0,0,1,126.971288,37.83708
KMHC751HFJU014636,11672,93.5,99,0,0,1,126.970752,37.837615
KMHC751HFJU014636,11672,93.5,99,0,0,1,126.970832,37.837527
KMHC751HFJU014636,11672,93.5,99,0,0,1,126.971096,37.83726
KMHC751HFJU014636,11672,93.5,99,0,0,1,126.97092,37.837435
KMHC751HFJU014636,11672,93.5,99,0,0,1,126.971,37.837347
KMHC751HFJU014636,11672,93.5,99,0,0,1,126.971192,37.837164
KMHC751HFJU014636,11672,93.5,99,0,0,1,126.97044,37.837944
KMHC751HFJU014636,11672,93.5,99,0,0,1,126.970376,37.838016
KMHC751HFJU014636,11672,93.5,99,0,0,1,126.970592,37.837783
KMHC751HFJU014636,11672,93.5,99,0,0,1,126.970664,37.837699
KMHC751HFJU014636,11672,93.5,99,0,0,1,126.970512,37.837864
KMHC751HFJU014636,11672,93.5,99,0,0,1,126.970304,37.838087
KMHC751HFJU014636,11672,93.5,99,0,0,1,126.970136,37.838259
KMHC751HFJU014636,11672,93.5,99,0,0,1,126.970184,37.838216
KMHC751HFJU014636,11672,93.5,99,2,0,1,126.970104,37.838304
KMHC751HFJU014636,11672,93.5,99,5,0,1,126.97024,37.838152
KMHC751HFJU014636,11672,93.5,99,8,0,1,126.970032,37.838388
KMHC751HFJU014636,11672,93.5,99,12,0,1,126.970048,37.838363
KMHC751HFJU014636,11672,93.5,99,15,0,1,126.969992,37.838419
KMHC751HFJU014636,11672,93.5,99,19,0,1,126.970008,37.838403
KMHC751HFJU014636,11672,93.5,99,23,0,1,126.970072,37.838335
KMHC751HFJU014636,11672,93.5,99,25,0,1,126.96996,37.838451
KMHC751HFJU014636,11672,93.5,99,29,0,1,126.969952,37.838456
KMHC751HFJU014636,11672,93.5,99,32,0,1,126.969967,37.838439
KMHC751HFJU014636,11672,93.5,99,35,0,1,126.969976,37.838428
KMHC751HFJU014636,11672,93.5,99,38,0,1,126.96996,37.838448
KMHC751HFJU014636,11672,93.5,99,41,0,1,126.969952,37.838459
KMHC751HFJU014636,11672,93.5,99,44,0,1,126.969928,37.838479
KMHC751HFJU014636,11672,93.5,99,46,0,1,126.969944,37.838464
KMHC751HFJU014636,11672,93.5,99,48,0,1,126.969776,37.838619
KMHC751HFJU014636,11672,93.5,99,49,0,1,126.969855,37.83854
KMHC751HFJU014636,11672,93.5,99,51,0,1,126.969815,37.838576
KMHC751HFJU014636,11672,93.5,99,52,0,1,126.969896,37.838504
KMHC751HFJU014636,11672,93.5,99,53,0,1,126.969728,37.838667
KMHC751HFJU014636,11672,93.5,99,54,0,1,126.96956,37.838859
KMHC751HFJU014636,11672,93.5,99,55,0,1,126.96968,37.838728
KMHC751HFJU014636,11672,93.5,99,56,0,1,126.969616,37.838788
KMHC751HFJU014636,11672,93.5,99,57,0,1,126.969488,37.838935
KMHC751HFJU014636,11672,93.5,99,58,0,1,126.969336,37.839103
KMHC751HFJU014636,11672,93.5,99,59,0,1,126.969416,37.839016
KMHC751HFJU014636,11672,93.5,99,59,0,1,126.968608,37.839875
KMHC751HFJU014636,11672,93.5,99,61,0,1,126.968504,37.839979
KMHC751HFJU014636,11672,93.5,99,62,0,1,126.968992,37.839467
KMHC751HFJU014636,11672,93.5,99,63,0,1,126.968808,37.839663
KMHC751HFJU014636,11672,93.5,99,63,0,1,126.968712,37.839767
KMHC751HFJU014636,11672,93.5,99,62,0,1,126.968903,37.839564
KMHC751HFJU014636,11672,93.5,99,64,0,1,126.968087,37.840432
KMHC751HFJU014636,11672,93.5,99,65,0,1,126.968296,37.840207
KMHC751HFJU014636,11672,93.5,99,64,0,1,126.968192,37.840319
KMHC751HFJU014636,11672,93.5,99,62,0,1,126.967975,37.840539
KMHC751HFJU014636,11672,93.5,99,60,0,1,126.9684,37.840096
KMHC751HFJU014636,11672,93.5,99,58,0,1,126.967872,37.840651
KMHC751HFJU014636,11672,93.5,98.5,56,0,1,126.967544,37.840988
KMHC751HFJU014636,11672,93.5,98.5,53,0,1,126.967327,37.841211
KMHC751HFJU014636,11672,93.5,98.5,51,0,1,126.967224,37.841324
KMHC751HFJU014636,11672,93.5,98.5,47,0,1,126.967023,37.841543
KMHC751HFJU014636,11672,93.5,98.5,41,0,1,126.967768,37.840764
KMHC751HFJU014636,11672,93.5,98.5,35,0,1,126.967648,37.840871
KMHC751HFJU014636,11672,93.5,98.5,30,0,1,126.96744,37.841099
KMHC751HFJU014636,11672,93.5,98.5,25,0,1,126.967128,37.841436
KMHC751HFJU014636,11672,93.5,98.5,21,0,1,126.966736,37.841884
KMHC751HFJU014636,11672,93.5,98.5,17,0,1,126.966824,37.841771
KMHC751HFJU014636,11672,93.5,98.5,13,0,1,126.966928,37.841659
KMHC751HFJU014636,11672,93.5,98.5,9,0,1,126.966648,37.841999
KMHC751HFJU014636,11672,93.5,98.5,6,0,1,126.966576,37.842115
KMHC751HFJU014636,11672,93.5,98.5,4,0,1,126.966392,37.84252
KMHC751HFJU014636,11672,93.5,98.5,2,0,1,126.966504,37.842244
KMHC751HFJU014636,11672,93.5,98.5,0,0,1,126.966448,37.842376
KMHC751HFJU014636,11672,93.5,98.5,0,0,1,126.966344,37.842663
KMHC751HFJU014636,11672,93.5,98.5,0,0,1,126.966224,37.843108
KMHC751HFJU014636,11672,93.5,98.5,0,0,1,126.966055,37.843732
KMHC751HFJU014636,11672,93.5,98.5,0,0,1,126.966264,37.842959
KMHC751HFJU014636,11672,93.5,98.5,0,0,1,126.966144,37.84342
KMHC751HFJU014636,11672,93.5,98.5,0,0,1,126.966176,37.84326
KMHC751HFJU014636,11672,93.5,98.5,0,0,1,126.966016,37.843891
KMHC751HFJU014636,11672,93.5,98.5,0,0,1,126.966303,37.842812
KMHC751HFJU014636,11672,93.5,98.5,0,0,1,126.966104,37.843575
KMHC751HFJU014636,11672,93.5,98.5,0,0,1,126.965896,37.844383
KMHC751HFJU014636,11672,93.5,98.5,0,0,1,126.965856,37.844555
KMHC751HFJU014636,11672,93.5,98.5,0,0,1,126.965936,37.84422
KMHC751HFJU014636,11672,93.5,98.5,0,0,1,126.965976,37.844056
KMHC751HFJU014636,11672,93.5,98.5,0,0,1,126.965824,37.844723
KMHC751HFJU014636,11672,93.5,98.5,0,0,1,126.965784,37.84488
KMHC751HFJU014636,11672,93.5,98.5,0,0,1,126.965639,37.84546
KMHC751HFJU014636,11672,93.5,98.5,0,0,1,126.965576,37.845672
KMHC751HFJU014636,11672,93.5,98.5,0,0,1,126.965664,37.845356
KMHC751HFJU014636,11672,93.5,98.5,0,0,1,126.96572,37.845143
KMHC751HFJU014636,11672,93.5,98.5,0,0,1,126.965608,37.845564
KMHC751HFJU014636,11672,93.5,98.5,0,0,1,126.965751,37.845027
KMHC751HFJU014636,11672,93.5,98.5,0,0,1,126.965695,37.845247
KMHC751HFJU014636,11672,93.5,98.5,0,0,1,126.965536,37.845776
KMHC751HFJU014636,11672,93.5,98.5,0,0,1,126.965472,37.845992
KMHC751HFJU014636,11672,93.5,98.5,0,0,1,126.965496,37.845883
KMHC751HFJU014636,11672,93.5,98.5,0,0,1,126.965432,37.8461
KMHC751HFJU014636,11672,93.5,98.5,0,0,1,126.965136,37.846884
KMHC751HFJU014636,11672,93.5,98.5,0,0,1,126.96508,37.847
KMHC751HFJU014636,11672,93.5,98.5,0,0,1,126.965384,37.846212
KMHC751HFJU014636,11672,93.5,98.5,0,0,1,126.965304,37.846435
KMHC751HFJU014636,11672,93.5,98.5,0,0,1,126.965344,37.846324
KMHC751HFJU014636,11672,93.5,98.5,0,0,1,126.964984,37.847216
KMHC751HFJU014636,11672,93.5,98.5,0,0,1,126.964928,37.847335
KMHC751HFJU014636,11672,93.5,98.5,0,0,1,126.965031,37.847107
KMHC751HFJU014636,11672,93.5,98.5,0,0,1,126.964872,37.847456
KMHC751HFJU014636,11672,93.5,98.5,0,0,1,126.964704,37.847811
KMHC751HFJU014636,11672,93.5,98.5,0,0,1,126.96464,37.847928
KMHC751HFJU014636,11672,93.5,98.5,0,0,1,126.96476,37.847692
KMHC751HFJU014636,11672,93.5,98.5,0,0,1,126.964823,37.847575
KMHC751HFJU014636,11672,93.5,98.5,1,0,1,126.964312,37.848523
KMHC751HFJU014636,11672,93.5,98.5,3,0,1,126.964575,37.848047
KMHC751HFJU014636,11672,93.5,98.5,5,0,1,126.964448,37.848284
KMHC751HFJU014636,11672,93.5,98.5,9,0,1,126.964376,37.848404
KMHC751HFJU014636,11672,93.5,98.5,13,0,1,126.964512,37.848168
KMHC751HFJU014636,11672,93.5,98.5,17,0,1,126.964248,37.84864
KMHC751HFJU014636,11672,93.5,98.5,21,0,1,126.964175,37.848756
KMHC751HFJU014636,11672,93.5,98.5,25,0,1,126.964104,37.848872
KMHC751HFJU014636,11672,93.5,98.5,29,0,1,126.96396,37.849103
KMHC751HFJU014636,11673,93.5,98.5,33,0,1,126.964032,37.848984
KMHC751HFJU014636,11673,93.5,98.5,36,0,1,126.963871,37.849212
KMHC751HFJU014636,11673,93.5,98.5,39,0,1,126.963496,37.849656
KMHC751HFJU014636,11673,93.5,98.5,41,0,1,126.963784,37.849324
KMHC751HFJU014636,11673,93.5,98.5,42,0,1,126.963592,37.849547
KMHC751HFJU014636,11673,93.5,98.5,44,0,1,126.963688,37.849435
KMHC751HFJU014636,11673,93.5,98.5,46,0,1,126.963392,37.84976
KMHC751HFJU014636,11673,93.5,98.5,47,0,1,126.963192,37.84996
KMHC751HFJU014636,11673,93.5,98.5,48,0,1,126.962808,37.850236
KMHC751HFJU014636,11673,93.5,98.5,50,0,1,126.962936,37.850147
KMHC751HFJU014636,11673,93.5,98.5,52,0,1,126.96268,37.850327
KMHC751HFJU014636,11673,93.5,98.5,57,0,1,126.963296,37.84986
KMHC751HFJU014636,11673,93.5,98.5,59,0,1,126.962391,37.850492
KMHC751HFJU014636,11673,93.5,98.5,58,0,1,126.962536,37.850411
KMHC751HFJU014636,11673,93.5,98.5,57,0,1,126.963064,37.850056
KMHC751HFJU014636,11673,93.5,98.5,57,0,1,126.962256,37.850575
KMHC751HFJU014636,11673,93.5,98.5,58,0,1,126.962112,37.850659
KMHC751HFJU014636,11673,93.5,98.5,59,0,1,126.961423,37.85112
KMHC751HFJU014636,11673,93.5,98.5,60,0,1,126.961976,37.850748
KMHC751HFJU014636,11673,93.5,98.5,61,0,1,126.961832,37.850831
KMHC751HFJU014636,11673,93.5,98.5,61,0,1,126.961304,37.851227
KMHC751HFJU014636,11673,93.5,98.5,61,0,1,126.961072,37.85146
KMHC751HFJU014636,11673,93.5,98.5,61,0,1,126.961552,37.851016
KMHC751HFJU014636,11673,93.5,98.5,61,0,1,126.961184,37.85134
KMHC751HFJU014636,11673,93.5,98.5,61,0,1,126.961696,37.85092
KMHC751HFJU014636,11673,93.5,98.5,60,0,1,126.960744,37.851999
KMHC751HFJU014636,11673,93.5,98.5,61,0,1,126.960632,37.852283
KMHC751HFJU014636,11673,93.5,98.5,62,0,1,126.960696,37.852139
KMHC751HFJU014636,11673,93.5,98.5,63,0,1,126.960888,37.85172
KMHC751HFJU014636,11673,93,98.5,63,0,1,126.960976,37.851584
KMHC751HFJU014636,11673,93,98.5,64,0,1,126.960815,37.85186
KMHC751HFJU014636,11673,93,98.5,65,0,1,126.960576,37.85242
KMHC751HFJU014636,11673,93,98.5,66,0,1,126.960376,37.852836
KMHC751HFJU014636,11673,93,98.5,65,0,1,126.96052,37.852559
KMHC751HFJU014636,11673,93,98.5,64,0,1,126.960448,37.852699
KMHC751HFJU014636,11673,93,98.5,64,0,1,126.956712,37.859803
KMHC751HFJU014636,11673,93,98.5,64,0,1,126.956736,37.8598
KMHC751HFJU014636,11673,93,98.5,65,0,1,126.956728,37.8598
KMHC751HFJU014636,11673,93,98.5,65,0,1,126.95672,37.8598
KMHC751HFJU014636,11673,93,98.5,65,0,1,126.956672,37.859775
KMHC751HFJU014636,11673,93,98.5,63,0,1,126.956712,37.8598
KMHC751HFJU014636,11673,93,98.5,61,0,1,126.956688,37.8598
KMHC751HFJU014636,11673,93,98.5,59,0,1,126.956695,37.859796
KMHC751HFJU014636,11673,93,98.5,59,0,1,126.95668,37.859788
KMHC751HFJU014636,11673,93,98.5,59,0,1,126.956704,37.859796
KMHC751HFJU014636,11673,93,98.5,58,0,1,126.956648,37.859768
KMHC751HFJU014636,11673,93,98.5,58,0,1,126.956616,37.859768
KMHC751HFJU014636,11673,93,98.5,57,0,1,126.956592,37.85976
KMHC751HFJU014636,11673,93,98.5,57,0,1,126.956568,37.859748
KMHC751HFJU014636,11673,93,98.5,56,0,1,126.956536,37.859732
KMHC751HFJU014636,11673,93,98.5,56,0,1,126.956504,37.859715
KMHC751HFJU014636,11673,93,98.5,56,0,1,126.956464,37.859684
KMHC751HFJU014636,11673,93,98.5,56,0,1,126.95644,37.859656
KMHC751HFJU014636,11673,93,98.5,55,0,1,126.956416,37.859616
KMHC751HFJU014636,11673,93,98.5,53,0,1,126.956384,37.859499
KMHC751HFJU014636,11673,93,98.5,51,0,1,126.95636,37.859408
KMHC751HFJU014636,11673,93,98.5,48,0,1,126.956391,37.859575
KMHC751HFJU014636,11673,93,98.5,46,0,1,126.956416,37.85934
KMHC751HFJU014636,11673,93,98.5,43,0,1,126.956391,37.85954
KMHC751HFJU014636,11673,93,98.5,41,0,1,126.956376,37.859471
KMHC751HFJU014636,11673,93,98.5,39,0,1,126.956376,37.859372
KMHC751HFJU014636,11673,93,98.5,37,0,1,126.956512,37.859271
KMHC751HFJU014636,11673,93,98.5,35,0,1,126.956464,37.859304
KMHC751HFJU014636,11673,93,98.5,33,0,1,126.956648,37.859216
KMHC751HFJU014636,11673,93,98.5,30,0,1,126.956584,37.859236
KMHC751HFJU014636,11673,93,98.5,27,0,1,126.95692,37.859063
KMHC751HFJU014636,11673,93,98.5,21,0,1,126.956712,37.859192
KMHC751HFJU014636,11673,93,98.5,19,0,1,126.95688,37.859096
KMHC751HFJU014636,11673,93,98.5,19,0,1,126.956936,37.859028
KMHC751HFJU014636,11673,93,98.5,23,0,1,126.956999,37.858952
KMHC751HFJU014636,11673,93,98.5,26,0,1,126.957312,37.858851
KMHC751HFJU014636,11673,93,98.5,31,0,1,126.957048,37.858924
KMHC751HFJU014636,11673,93,98.5,35,0,1,126.95716,37.858888
KMHC751HFJU014636,11673,93,98.5,39,0,1,126.957104,37.858904
KMHC751HFJU014636,11673,93,98.5,42,0,1,126.956968,37.858987
KMHC751HFJU014636,11673,93,98.5,45,0,1,126.957264,37.85886
KMHC751HFJU014636,11673,93,98.5,48,0,1,126.957216,37.858876
KMHC751HFJU014636,11673,93,98.5,50,0,1,126.957424,37.858848
KMHC751HFJU014636,11673,93,98.5,52,0,1,126.957455,37.858851
KMHC751HFJU014636,11673,93,98.5,53,0,1,126.957504,37.858851
KMHC751HFJU014636,11673,93,98.5,55,0,1,126.957552,37.858848
KMHC751HFJU014636,11673,93,98.5,56,0,1,126.957592,37.858835
KMHC751HFJU014636,11673,93,98.5,58,0,1,126.957368,37.858848
KMHC751HFJU014636,11673,93,98.5,60,0,1,126.957663,37.858815
KMHC751HFJU014636,11673,93,98.5,61,0,1,126.957704,37.8588
KMHC751HFJU014636,11673,93,98.5,63,0,1,126.957744,37.85878
KMHC751HFJU014636,11673,93,98.5,64,0,1,126.957624,37.858828
KMHC751HFJU014636,11673,93,98.5,65,0,1,126.957856,37.858711
KMHC751HFJU014636,11673,93,98.5,65,0,1,126.957784,37.858752
KMHC751HFJU014636,11673,93,98.5,65,0,1,126.957824,37.858732
KMHC751HFJU014636,11673,93,98.5,65,0,1,126.957888,37.858696
KMHC751HFJU014636,11673,93,98.5,65,0,1,126.957696,37.858524
KMHC751HFJU014636,11673,93,98.5,65,0,1,126.957624,37.858488
KMHC751HFJU014636,11673,93,98.5,65,0,1,126.957896,37.858628
KMHC751HFJU014636,11673,93,98.5,65,0,1,126.957759,37.858544
KMHC751HFJU014636,11673,93,98.5,66,0,1,126.957904,37.858668
KMHC751HFJU014636,11673,93,98.5,67,0,1,126.957896,37.858651
KMHC751HFJU014636,11673,93,98.5,67,0,1,126.957815,37.858556
KMHC751HFJU014636,11674,93,98.5,67,0,1,126.95788,37.8586
KMHC751HFJU014636,11674,93,98.5,66,0,1,126.957856,37.85858
KMHC751HFJU014636,11674,93,98.5,66,0,1,126.957464,37.8584
KMHC751HFJU014636,11674,93,98.5,66,0,1,126.957392,37.858344
KMHC751HFJU014636,11674,93,98.5,65,0,1,126.957544,37.858443
KMHC751HFJU014636,11674,93,98.5,65,0,1,126.957303,37.85828
KMHC751HFJU014636,11674,93,98.5,64,0,1,126.957216,37.858215
KMHC751HFJU014636,11674,93,98.5,64,0,1,126.95684,37.857916
KMHC751HFJU014636,11674,93,98.5,63,0,1,126.95712,37.858139
KMHC751HFJU014636,11674,93,98.5,61,0,1,126.956648,37.857764
KMHC751HFJU014636,11674,93,98.5,60,0,1,126.956447,37.857612
KMHC751HFJU014636,11674,93,98.5,59,0,1,126.956936,37.857992
KMHC751HFJU014636,11674,93,98.5,58,0,1,126.957024,37.858068
KMHC751HFJU014636,11674,93,98.5,57,0,1,126.95656,37.857688
KMHC751HFJU014636,11674,93,98.5,56,0,1,126.956751,37.85784
KMHC751HFJU014636,11674,93,98.5,55,0,1,126.956248,37.857455
KMHC751HFJU014636,11674,93,98.5,55,0,1,126.956031,37.857308
KMHC751HFJU014636,11674,93,98.5,55,0,1,126.956136,37.857379
KMHC751HFJU014636,11674,93,98.5,54,0,1,126.956352,37.857531
KMHC751HFJU014636,11674,93,98.5,52,0,1,126.955808,37.857191
KMHC751HFJU014636,11674,93,98.5,51,0,1,126.955928,37.857247
KMHC751HFJU014636,11674,93,98.5,49,0,1,126.955448,37.857084
KMHC751HFJU014636,11674,93,98.5,49,0,1,126.955568,37.857112
KMHC751HFJU014636,11674,93,98.5,50,0,1,126.954848,37.856999
KMHC751HFJU014636,11674,93,98,51,0,1,126.954511,37.856968
KMHC751HFJU014636,11674,93,98,51,0,1,126.955687,37.857143
KMHC751HFJU014636,11674,93,98,51,0,1,126.954656,37.856983
KMHC751HFJU014636,11674,93,98,50,0,1,126.954752,37.856991
KMHC751HFJU014636,11674,93,98,49,0,1,126.954584,37.856971
KMHC751HFJU014636,11674,93,98,48,0,1,126.95532,37.857064
KMHC751HFJU014636,11674,93,98,47,0,1,126.954464,37.856963
KMHC751HFJU014636,11674,93,98,46,0,1,126.954424,37.856963
KMHC751HFJU014636,11674,93,98,45,0,1,126.954312,37.856727
KMHC751HFJU014636,11674,93,98,43,0,1,126.954248,37.856852
KMHC751HFJU014636,11674,93,98,42,0,1,126.954248,37.856895
KMHC751HFJU014636,11674,93,98,41,0,1,126.954288,37.856923
KMHC751HFJU014636,11674,93,98,40,0,1,126.954288,37.856771
KMHC751HFJU014636,11674,93,98,38,0,1,126.954368,37.856955
KMHC751HFJU014636,11674,93,98,37,0,1,126.954263,37.856816
KMHC751HFJU014636,11674,93,98,36,0,1,126.954312,37.856948
KMHC751HFJU014636,11674,93,98,34,0,1,126.954359,37.856639
KMHC751HFJU014636,11674,93,98,31,0,1,126.954336,37.856679
KMHC751HFJU014636,11674,93,98,28,0,1,126.954384,37.8566
KMHC751HFJU014636,11674,93,98,25,0,1,126.954455,37.856496
KMHC751HFJU014636,11674,93,98,22,0,1,126.954432,37.856532
KMHC751HFJU014636,11674,93,98,21,0,1,126.95448,37.856448
KMHC751HFJU014636,11674,93,98,19,0,1,126.954408,37.856568
KMHC751HFJU014636,11674,93,98,17,0,1,126.954511,37.856395
KMHC751HFJU014636,11674,93,98,16,0,1,126.954536,37.856344
KMHC751HFJU014636,11674,93,98,16,0,1,126.954576,37.856256
KMHC751HFJU014636,11674,93,98,18,0,1,126.954552,37.856296
KMHC751HFJU014636,11674,93,98,20,0,1,126.954815,37.855856
KMHC751HFJU014636,11674,93,98,22,0,1,126.9546,37.856216
KMHC751HFJU014636,11674,93,98,24,0,1,126.954616,37.85618
KMHC751HFJU014636,11674,93,98,26,0,1,126.954719,37.856
KMHC751HFJU014636,11674,93,98,28,0,1,126.95468,37.856064
KMHC751HFJU014636,11674,93,98,30,0,1,126.954768,37.855932
KMHC751HFJU014636,11674,93,98,33,0,1,126.95464,37.856124
KMHC751HFJU014636,11674,93,98,35,0,1,126.954952,37.855691
KMHC751HFJU014636,11674,93,98,36,0,1,126.95488,37.855775
KMHC751HFJU014636,11674,93,98,38,0,1,126.955744,37.855007
KMHC751HFJU014636,11674,93,98,39,0,1,126.955392,37.855252
KMHC751HFJU014636,11674,93,98,40,0,1,126.955496,37.855167
KMHC751HFJU014636,11674,93,98,41,0,1,126.955616,37.855088
KMHC751HFJU014636,11674,93,98,43,0,1,126.956976,37.85452
KMHC751HFJU014636,11674,93,98,45,0,1,126.956304,37.854728
KMHC751HFJU014636,11674,93,98,45,0,1,126.956464,37.854667
KMHC751HFJU014636,11674,93,98,44,0,1,126.9568,37.854559
KMHC751HFJU014636,11674,93,98,44,0,1,126.956152,37.854792
KMHC751HFJU014636,11674,93,98,45,0,1,126.95716,37.854483
KMHC751HFJU014636,11674,93,98,45,0,1,126.955872,37.854931
KMHC751HFJU014636,11674,93,98,46,0,1,126.956632,37.854616
KMHC751HFJU014636,11674,93,98,47,0,1,126.956,37.85486
KMHC751HFJU014636,11674,93,98,47,0,1,126.957712,37.854371
KMHC751HFJU014636,11674,93,98,48,0,1,126.957904,37.854328
KMHC751HFJU014636,11674,93,98,49,0,1,126.957344,37.854447
KMHC751HFJU014636,11674,93,98,49,0,1,126.958088,37.854284
KMHC751HFJU014636,11674,93,98,50,0,1,126.95752,37.854407
KMHC751HFJU014636,11674,93,98,51,0,1,126.958448,37.854183
KMHC751HFJU014636,11674,93,98,52,0,1,126.959136,37.853892
KMHC751HFJU014636,11674,93,98,53,0,1,126.958976,37.853976
KMHC751HFJU014636,11674,93,98,55,0,1,126.958808,37.854052
KMHC751HFJU014636,11674,93,98,56,0,1,126.959288,37.8538
KMHC751HFJU014636,11674,93,98,57,0,1,126.95972,37.853484
KMHC751HFJU014636,11674,93,98,57,0,1,126.959576,37.853603
KMHC751HFJU014636,11674,93,98,57,0,1,126.959432,37.853707
KMHC751HFJU014636,11674,93,98,58,0,1,126.958631,37.854123
KMHC751HFJU014636,11674,93,98,58,0,1,126.95984,37.853375
KMHC751HFJU014636,11674,93,98,58,0,1,126.95996,37.853256
KMHC751HFJU014636,11674,93,98,57,0,1,126.960072,37.853135
KMHC751HFJU014636,11674,93,98,57,0,1,126.960376,37.852724
KMHC751HFJU014636,11674,93,98,58,0,1,126.96028,37.852871
KMHC751HFJU014636,11674,93,98,60,0,1,126.960176,37.853008
KMHC751HFJU014636,11674,93,98,60,0,1,126.960976,37.851508
KMHC751HFJU014636,11674,93,98,60,0,1,126.96108,37.851363
KMHC751HFJU014636,11674,93,98,59,0,1,126.960584,37.852268
KMHC751HFJU014636,11674,93,98,58,0,1,126.9608,37.851812
KMHC751HFJU014636,11674,93,98,56,0,1,126.960528,37.85242
KMHC751HFJU014636,11674,93,98,56,0,1,126.960888,37.851655
KMHC751HFJU014636,11674,93,98,55,0,1,126.960656,37.852119
KMHC751HFJU014636,11674,93,98,55,0,1,126.960455,37.852572
KMHC751HFJU014636,11674,93,98,55,0,1,126.960719,37.851964
KMHC751HFJU014636,11674,93,98,58,0,1,126.96132,37.851092
KMHC751HFJU014636,11674,93,98,60,0,1,126.9612,37.851224
KMHC751HFJU014636,11674,93,98,62,0,1,126.961744,37.85074
KMHC751HFJU014636,11674,93,98,63,0,1,126.961592,37.850844
KMHC751HFJU014636,11674,93,98,65,0,1,126.961456,37.850963
KMHC751HFJU014636,11674,93,98,67,0,1,126.962391,37.850347
KMHC751HFJU014636,11674,93,98,69,0,1,126.962552,37.850251
KMHC751HFJU014636,11675,93,98,70,0,1,126.961904,37.850631
KMHC751HFJU014636,11675,93,98,72,0,1,126.962224,37.850439
KMHC751HFJU014636,11675,93,98,74,0,1,126.962064,37.850532
KMHC751HFJU014636,11675,93,98,75,0,1,126.963016,37.849932
KMHC751HFJU014636,11675,93,98,76,0,1,126.962864,37.850036
KMHC751HFJU014636,11675,93,98,78,0,1,126.962712,37.850144
KMHC751HFJU014636,11675,93,98,79,0,1,126.96356,37.849463
KMHC751HFJU014636,11675,93,98,79,0,1,126.96316,37.84982
KMHC751HFJU014636,11675,93,98,80,0,1,126.963432,37.84958
KMHC751HFJU014636,11675,93,98,81,0,1,126.96368,37.849339
KMHC751HFJU014636,11675,93,98,80,0,1,126.963303,37.849699
KMHC751HFJU014636,11675,93,98,81,0,1,126.963784,37.8492
KMHC751HFJU014636,11675,93,98,81,0,1,126.963871,37.84906
KMHC751HFJU014636,11675,93,98,81,0,1,126.963967,37.84892
KMHC751HFJU014636,11675,93,98,81,0,1,126.964144,37.848632
KMHC751HFJU014636,11675,93,98,81,0,1,126.9644,37.848204
KMHC751HFJU014636,11675,93,98,82,0,1,126.964056,37.848776
KMHC751HFJU014636,11675,93,98,82,0,1,126.964327,37.848348
KMHC751HFJU014636,11675,93,98,82,0,1,126.964232,37.848492
KMHC751HFJU014636,11675,93,98,82,0,1,126.964479,37.848064
KMHC751HFJU014636,11675,93,98,82,0,1,126.964968,37.847051
KMHC751HFJU014636,11675,93,98,81,0,1,126.964904,37.8472
KMHC751HFJU014636,11675,93,98,81,0,1,126.964768,37.847492
KMHC751HFJU014636,11675,93,98,81,0,1,126.964631,37.847783
KMHC751HFJU014636,11675,93,98,81,0,1,126.965024,37.846904
KMHC751HFJU014636,11675,93,98,81,0,1,126.964552,37.847923
KMHC751HFJU014636,11675,93,98,80,0,1,126.964696,37.847639
KMHC751HFJU014636,11675,93,98,81,0,1,126.96484,37.847344
KMHC751HFJU014636,11675,93,98,80,0,1,126.96532,37.846164
KMHC751HFJU014636,11675,93,98,80,0,1,126.965408,37.845868
KMHC751HFJU014636,11675,93,98,80,0,1,126.965264,37.846304
KMHC751HFJU014636,11675,93,98,80,0,1,126.965487,37.845568
KMHC751HFJU014636,11675,93,98,80,0,1,126.965447,37.84572
KMHC751HFJU014636,11675,93,98,80,0,1,126.96536,37.84602
KMHC751HFJU014636,11675,93,98,80,0,1,126.965528,37.845412
KMHC751HFJU014636,11675,93,98,80,0,1,126.965728,37.844679
KMHC751HFJU014636,11675,93,98,80,0,1,126.965816,37.844383
KMHC751HFJU014636,11675,93,98,80,0,1,126.965608,37.845115
KMHC751HFJU014636,11675,93,98,79,0,1,126.965776,37.844532
KMHC751HFJU014636,11675,93,98,79,0,1,126.965568,37.845267
KMHC751HFJU014636,11675,93,98,79,0,1,126.965656,37.844968
KMHC751HFJU014636,11675,93,98,79,0,1,126.965688,37.844824
KMHC751HFJU014636,11675,93,98,79,0,1,126.965856,37.844239
KMHC751HFJU014636,11675,93,98,79,0,1,126.965896,37.844092
KMHC751HFJU014636,11675,93,98,79,0,1,126.966095,37.843352
KMHC751HFJU014636,11675,93,98,79,0,1,126.966168,37.843068
KMHC751HFJU014636,11675,93,98,79,0,1,126.965984,37.843792
KMHC751HFJU014636,11675,93,98,79,0,1,126.966264,37.842779
KMHC751HFJU014636,11675,93,98,79,0,1,126.966312,37.84264
KMHC751HFJU014636,11675,93,98,79,0,1,126.966016,37.843643
KMHC751HFJU014636,11675,93,98,80,0,1,126.966136,37.843207
KMHC751HFJU014636,11675,93,98,80,0,1,126.966055,37.843499
KMHC751HFJU014636,11675,93,98,80,0,1,126.966216,37.842923
KMHC751HFJU014636,11675,93,98,80,0,1,126.965943,37.84394
KMHC751HFJU014636,11675,93,98,80,0,1,126.966352,37.842511
KMHC751HFJU014636,11675,93,98,79,0,1,126.966408,37.842376
KMHC751HFJU014636,11675,93,98,79,0,1,126.966472,37.842255
KMHC751HFJU014636,11675,93,98,79,0,1,126.966616,37.842008
KMHC751HFJU014636,11675,93,98,78,0,1,126.966536,37.842128
KMHC751HFJU014636,11675,93,98,78,0,1,126.967312,37.841135
KMHC751HFJU014636,11675,93,98,77,0,1,126.9674,37.841031
KMHC751HFJU014636,11675,93,98,77,0,1,126.967215,37.841236
KMHC751HFJU014636,11675,93,98,77,0,1,126.967128,37.84134
KMHC751HFJU014636,11675,92.5,98,76,0,1,126.967032,37.841439
KMHC751HFJU014636,11675,92.5,98,76,0,1,126.966848,37.841659
KMHC751HFJU014636,11676,92.5,98,76,0,1,126.966688,37.841892
KMHC751HFJU014636,11676,92.5,98,76,0,1,126.966768,37.841771
KMHC751HFJU014636,11676,92.5,98,75,0,1,126.966944,37.841548
KMHC751HFJU014636,11676,92.5,98,75,0,1,126.96764,37.840783
KMHC751HFJU014636,11676,92.5,98,75,0,1,126.967488,37.840952
KMHC751HFJU014636,11676,92.5,98,74,0,1,126.967704,37.840724
KMHC751HFJU014636,11676,92.5,98,74,0,1,126.967568,37.840864
KMHC751HFJU014636,11676,92.5,98,74,0,1,126.967768,37.840671
KMHC751HFJU014636,11676,92.5,98,74,0,1,126.967808,37.84062
KMHC751HFJU014636,11676,92.5,98,73,0,1,126.96792,37.840504
KMHC751HFJU014636,11676,92.5,98,73,0,1,126.967928,37.840488
KMHC751HFJU014636,11676,92.5,98,73,0,1,126.967935,37.840479
KMHC751HFJU014636,11676,92.5,98,71,0,1,126.967848,37.84058
KMHC751HFJU014636,11676,92.5,98,70,0,1,126.967904,37.840527
KMHC751HFJU014636,11676,92.5,98,68,0,1,126.967944,37.840476
KMHC751HFJU014636,11676,92.5,98,68,0,1,126.967944,37.840471
KMHC751HFJU014636,11676,92.5,98,67,0,1,126.967879,37.840552
KMHC751HFJU014636,11676,92.5,98,67,0,1,126.967944,37.840479
KMHC751HFJU014636,11676,92.5,98,66,0,1,126.967935,37.840491
KMHC751HFJU014636,11676,92.5,98,65,0,1,126.967968,37.840471
KMHC751HFJU014636,11676,92.5,98,64,0,1,126.968144,37.840276
KMHC751HFJU014636,11676,92.5,98,64,0,1,126.968024,37.840412
KMHC751HFJU014636,11676,92.5,98,64,0,1,126.967944,37.840488
KMHC751HFJU014636,11676,92.5,98,64,0,1,126.968064,37.840372
KMHC751HFJU014636,11676,92.5,98,63,0,1,126.967984,37.840448
KMHC751HFJU014636,11676,92.5,98,62,0,1,126.968104,37.840319
KMHC751HFJU014636,11676,92.5,98,61,0,1,126.968192,37.840228
KMHC751HFJU014636,11676,92.5,98,59,0,1,126.968432,37.839995
KMHC751HFJU014636,11676,92.5,98,58,0,1,126.96856,37.83986
KMHC751HFJU014636,11676,92.5,98,57,0,1,126.968248,37.840172
KMHC751HFJU014636,11676,92.5,98,55,0,1,126.968368,37.840055
KMHC751HFJU014636,11676,92.5,98,54,0,1,126.968296,37.840119
KMHC751HFJU014636,11676,92.5,98,53,0,1,126.968624,37.839796
KMHC751HFJU014636,11676,92.5,98,51,0,1,126.968496,37.839928
KMHC751HFJU014636,11676,92.5,98,49,0,1,126.968888,37.839511
KMHC751HFJU014636,11676,92.5,98,46,0,1,126.969151,37.839219
KMHC751HFJU014636,11676,92.5,98,42,0,1,126.969024,37.839359
KMHC751HFJU014636,11676,92.5,98,38,0,1,126.969088,37.839288
KMHC751HFJU014636,11676,92.5,98,31,0,1,126.96876,37.839655
KMHC751HFJU014636,11676,92.5,98,24,0,1,126.968824,37.839579
KMHC751HFJU014636,11676,92.5,98,17,0,1,126.968688,37.839723
KMHC751HFJU014636,11676,92.5,98,10,0,1,126.968952,37.839435
KMHC751HFJU014636,11676,92.5,98,4,0,1,126.969216,37.839151
KMHC751HFJU014636,11676,92.5,98,2,0,1,126.9798,37.829036
KMHC751HFJU014636,11676,92.5,98,0,0,1,126.9798,37.829039
KMHC751HFJU014636,11676,92.5,98,0,0,1,126.979792,37.829028
KMHC751HFJU014636,11676,92.5,98,0,0,1,126.979776,37.829011
KMHC751HFJU014636,11676,92.5,98,0,0,1,126.979808,37.829036
KMHC751HFJU014636,11676,92.5,98,0,0,1,126.979784,37.82902
KMHC751HFJU014636,11676,92.5,98,0,0,1,126.9798,37.829031
KMHC751HFJU014636,11676,92.5,98,0,0,1,126.979776,37.829039
KMHC751HFJU014636,11676,92.5,98,0,0,1,126.979744,37.829036
KMHC751HFJU014636,11676,92.5,98,0,0,1,126.979736,37.829031
KMHC751HFJU014636,11676,92.5,98,0,0,1,126.979744,37.829031
KMHC751HFJU014636,11676,92.5,98,0,0,1,126.9798,37.829051
KMHC751HFJU014636,11676,92.5,98,0,0,1,126.979784,37.829044
KMHC751HFJU014636,11676,92.5,98,0,0,1,126.97976,37.829039
KMHC751HFJU014636,11676,92.5,98,0,0,1,126.979752,37.829036
KMHC751HFJU014636,11676,92.5,98,0,0,1,126.979792,37.829048
KMHC751HFJU014636,11676,92.5,98,0,0,1,126.969344,37.839027
KMHC751HFJU014636,11676,92.5,98,0,0,1,126.969736,37.838616
KMHC751HFJU014636,11676,92.5,98,0,0,1,126.969663,37.838687
KMHC751HFJU014636,11676,92.5,98,0,0,1,126.96928,37.839092
KMHC751HFJU014636,11676,92.5,98,0,0,1,126.969936,37.838388
KMHC751HFJU014636,11676,92.5,98,0,0,1,126.969864,37.838467
KMHC751HFJU014636,11676,92.5,98,0,0,1,126.970016,37.838307
KMHC751HFJU014636,11676,92.5,98,0,0,1,126.970104,37.838216
KMHC751HFJU014636,11676,92.5,98,0,0,1,126.969792,37.838543
KMHC751HFJU014636,11676,92.5,98,0,0,1,126.970192,37.838124
KMHC751HFJU014636,11676,92.5,98,0,0,1,126.970856,37.837412
KMHC751HFJU014636,11676,92.5,98,0,0,1,126.971168,37.837083
KMHC751HFJU014636,11676,92.5,98,1,0,1,126.970464,37.837831
KMHC751HFJU014636,11676,92.5,98,3,0,1,126.97028,37.838028
KMHC751HFJU014636,11676,92.5,98,6,0,1,126.970376,37.837927
KMHC751HFJU014636,11676,92.5,98,9,0,1,126.97096,37.837304
KMHC751HFJU014636,11676,92.5,98,12,0,1,126.971064,37.837192
KMHC751HFJU014636,11676,92.5,98,15,0,1,126.971656,37.836691
KMHC751HFJU014636,11676,92.5,98,19,0,1,126.971279,37.836979
KMHC751HFJU014636,11676,92.5,98,21,0,1,126.971408,37.836875
KMHC751HFJU014636,11676,92.5,98,24,0,1,126.971528,37.836776
KMHC751HFJU014636,11676,92.5,98,27,0,1,126.971784,37.836607
KMHC751HFJU014636,11676,92.5,98,29,0,1,126.972224,37.836384
KMHC751HFJU014636,11676,92.5,98,31,0,1,126.97192,37.836531
KMHC751HFJU014636,11676,92.5,98,33,0,1,126.972072,37.836455
KMHC751HFJU014636,11676,92.5,98,34,0,1,126.972528,37.836264
KMHC751HFJU014636,11676,92.5,98,36,0,1,126.972368,37.836328
KMHC751HFJU014636,11676,92.5,98,37,0,1,126.972688,37.836207
KMHC751HFJU014636,11676,92.5,98,39,0,1,126.972848,37.836156
KMHC751HFJU014636,11676,92.5,98,41,0,1,126.973,37.836103
KMHC751HFJU014636,11676,92.5,98,43,0,1,126.973159,37.836052
KMHC751HFJU014636,11676,92.5,98,44,0,1,126.973328,37.835999
KMHC751HFJU014636,11676,92.5,98,46,0,1,126.973984,37.835783
KMHC751HFJU014636,11676,92.5,98,48,0,1,126.974144,37.835732
KMHC751HFJU014636,11676,92.5,98,49,0,1,126.974656,37.835571
KMHC751HFJU014636,11676,92.5,98,51,0,1,126.97448,37.835624
KMHC751HFJU014636,11676,92.5,98,53,0,1,126.973488,37.835943
KMHC751HFJU014636,11676,92.5,98,54,0,1,126.973656,37.835892
KMHC751HFJU014636,11676,92.5,98,55,0,1,126.974312,37.83568
KMHC751HFJU014636,11676,92.5,98,55,0,1,126.973816,37.835839
KMHC751HFJU014636,11676,92.5,97.5,55,0,1,126.974824,37.835512
KMHC751HFJU014636,11676,92.5,97.5,55,0,1,126.975008,37.835444
KMHC751HFJU014636,11676,92.5,97.5,56,0,1,126.975352,37.835296
KMHC751HFJU014636,11676,92.5,97.5,57,0,1,126.975511,37.83522
KMHC751HFJU014636,11676,92.5,97.5,57,0,1,126.975176,37.835375
KMHC751HFJU014636,11676,92.5,97.5,60,0,1,126.976336,37.834587
KMHC751HFJU014636,11676,92.5,97.5,64,0,1,126.976536,37.834347
KMHC751HFJU014636,11676,92.5,97.5,68,0,1,126.975815,37.835031
KMHC751HFJU014636,11676,92.5,97.5,71,0,1,126.975663,37.835132
KMHC751HFJU014636,11676,92.5,97.5,73,0,1,126.97596,37.834927
KMHC751HFJU014636,11676,92.5,97.5,76,0,1,126.97644,37.834463
KMHC751HFJU014636,11676,92.5,97.5,78,0,1,126.976088,37.83482
KMHC751HFJU014636,11676,92.5,97.5,80,0,1,126.976208,37.834704
KMHC751HFJU014636,11676,92.5,97.5,83,0,1,126.976768,37.833939
KMHC751HFJU014636,11676,92.5,97.5,85,0,1,126.976832,37.833804
KMHC751HFJU014636,11676,92.5,97.5,86,0,1,126.976696,37.83408
KMHC751HFJU014636,11676,92.5,97.5,87,0,1,126.976879,37.833668
KMHC751HFJU014636,11676,92.5,97.5,87,0,1,126.976624,37.834212
KMHC751HFJU014636,11676,92.5,97.5,88,0,1,126.976944,37.833523
KMHC751HFJU014636,11676,92.5,97.5,89,0,1,126.977152,37.832948
KMHC751HFJU014636,11676,92.5,97.5,89,0,1,126.977328,37.832532
KMHC751HFJU014636,11676,92.5,97.5,89,0,1,126.9774,37.832391
KMHC751HFJU014636,11676,92.5,97.5,89,0,1,126.977,37.833376
KMHC751HFJU014636,11676,92.5,97.5,88,0,1,126.9772,37.832808
KMHC751HFJU014636,11677,92.5,97.5,87,0,1,126.97704,37.833232
KMHC751HFJU014636,11677,92.5,97.5,86,0,1,126.977096,37.833092
KMHC751HFJU014636,11677,92.5,97.5,85,0,1,126.977256,37.832667
KMHC751HFJU014636,11677,92.5,97.5,84,0,1,126.97748,37.832259
KMHC751HFJU014636,11677,92.5,97.5,84,0,1,126.97824,37.831408
KMHC751HFJU014636,11677,92.5,97.5,84,0,1,126.977664,37.832
KMHC751HFJU014636,11677,92.5,97.5,84,0,1,126.978168,37.831479
KMHC751HFJU014636,11677,92.5,97.5,84,0,1,126.978064,37.831564
KMHC751HFJU014636,11677,92.5,97.5,85,0,1,126.97756,37.832132
KMHC751HFJU014636,11677,92.5,97.5,85,0,1,126.978312,37.831339
KMHC751HFJU014636,11677,92.5,97.5,85,0,1,126.97836,37.831291
KMHC751HFJU014636,11677,92.5,97.5,85,0,1,126.978448,37.83122
KMHC751HFJU014636,11677,92.5,97.5,84,0,1,126.978399,37.831256
KMHC751HFJU014636,11677,92.5,97.5,84,0,1,126.97844,37.831232
KMHC751HFJU014636,11677,92.5,97.5,84,0,1,126.978448,37.831223
KMHC751HFJU014636,11677,92.5,97.5,84,0,1,126.978424,37.831235
KMHC751HFJU014636,11677,92.5,97.5,84,0,1,126.978448,37.831228
KMHC751HFJU014636,11677,92.5,97.5,84,0,1,126.97852,37.831144
KMHC751HFJU014636,11677,92.5,97.5,84,0,1,126.978616,37.831048
KMHC751HFJU014636,11677,92.5,97.5,84,0,1,126.97892,37.830716
KMHC751HFJU014636,11677,92.5,97.5,84,0,1,126.978432,37.831232
KMHC751HFJU014636,11677,92.5,97.5,84,0,1,126.978488,37.83118
KMHC751HFJU014636,11677,92.5,97.5,84,0,1,126.978855,37.830792
KMHC751HFJU014636,11677,92.5,97.5,84,0,1,126.978568,37.831096
KMHC751HFJU014636,11677,92.5,97.5,83,0,1,126.978448,37.831212
KMHC751HFJU014636,11677,92.5,97.5,83,0,1,126.979063,37.830571
KMHC751HFJU014636,11677,92.5,97.5,82,0,1,126.9792,37.830404
KMHC751HFJU014636,11677,92.5,97.5,81,0,1,126.979264,37.83032
KMHC751HFJU014636,11677,92.5,97.5,81,0,1,126.979328,37.830232
KMHC751HFJU014636,11677,92.5,97.5,80,0,1,126.979136,37.830492
KMHC751HFJU014636,11677,92.5,97.5,80,0,1,126.978992,37.830652
KMHC751HFJU014636,11677,92.5,97.5,80,0,1,126.979448,37.830052
KMHC751HFJU014636,11677,92.5,97.5,80,0,1,126.97956,37.829875
KMHC751HFJU014636,11677,92.5,97.5,80,0,1,126.979504,37.829963
KMHC751HFJU014636,11677,92.5,97.5,80,0,1,126.979384,37.83014
KMHC751HFJU014636,11677,92.5,97.5,80,0,1,126.979615,37.829788
KMHC751HFJU014636,11677,92.5,97.5,81,0,1,126.979872,37.829244
KMHC751HFJU014636,11677,92.5,97.5,81,0,1,126.979664,37.8297
KMHC751HFJU014636,11677,92.5,97.5,81,0,1,126.979823,37.82938
KMHC751HFJU014636,11677,92.5,97.5,82,0,1,126.979704,37.829611
KMHC751HFJU014636,11677,92.5,97.5,82,0,1,126.979864,37.829276
KMHC751HFJU014636,11677,92.5,97.5,84,0,1,126.979752,37.829528
KMHC751HFJU014636,11677,92.5,97.5,84,0,1,126.979792,37.829452
KMHC751HFJU014636,11677,92.5,97.5,85,0,1,126.979848,37.829324
KMHC751HFJU014636,11677,92.5,97.5,86,0,1,126.979872,37.829216
KMHC751HFJU014636,11677,92.5,97.5,86,0,1,126.979872,37.829196
KMHC751HFJU014636,11677,92.5,97.5,87,0,1,126.97984,37.829168
KMHC751HFJU014636,11677,92.5,97.5,87,0,1,126.979832,37.829148
KMHC751HFJU014636,11677,92.5,97.5,88,0,1,126.979856,37.82918
KMHC751HFJU014636,11677,92.5,97.5,88,0,1,126.979808,37.829127
KMHC751HFJU014636,11677,92.5,97.5,88,0,1,126.979792,37.829096
KMHC751HFJU014636,11677,92.5,97.5,87,0,1,126.979784,37.829071
KMHC751HFJU014636,11677,92.5,97.5,86,0,1,126.979792,37.829011
KMHC751HFJU014636,11677,92.5,97.5,86,0,1,126.979816,37.82914
KMHC751HFJU014636,11677,92.5,97.5,86,0,1,126.9798,37.829115
KMHC751HFJU014636,11677,92.5,97.5,86,0,1,126.979768,37.828972
KMHC751HFJU014636,11677,92.5,97.5,86,0,1,126.97976,37.82898
KMHC751HFJU014636,11677,92.5,97.5,87,0,1,126.979768,37.828963
KMHC751HFJU014636,11677,92.5,97.5,87,0,1,126.979784,37.828988
KMHC751HFJU014636,11677,92.5,97.5,88,0,1,126.97976,37.828972
KMHC751HFJU014636,11677,92.5,97.5,88,0,1,126.979768,37.828968
KMHC751HFJU014636,11678,92.5,97.5,88,0,1,126.97976,37.829
KMHC751HFJU014636,11678,92.5,97.5,88,0,1,126.97976,37.828983
KMHC751HFJU014636,11678,92.5,97.5,89,0,1,126.97976,37.828988
KMHC751HFJU014636,11678,92.5,97.5,89,0,1,126.979752,37.828995
KMHC751HFJU014636,11678,92.5,97.5,90,0,1,126.979752,37.828992